{
    "recipes": [
      {
          "id": 1,
          "school name": "brighton grammar",
          "gender": "boy",
          "outgoing": "外",
          "domestic goal": "多元化",
          "school goal": "鼓励，竞争",
          "school size": "中",
          "bully": "否",
          "friend-making": "是",
          "talent": "体育",
          "chinese population": "少",
          "aeas": "70+",
          "accept intel": "都可以",
          "school board": "不可以"
      },
      {
          "id": 2,
          "school name": "trinity grammar",
          "gender": "boy",
          "outgoing": "外",
          "domestic goal": "多元化，学术，高考状元",
          "school goal": "鼓励，竞争",
          "school size": "大",
          "bully": "是",
          "friend-making": "是",
          "talent": "体育，音乐，演讲，棋类",
          "chinese population": "中",
          "aeas": "70+",
          "accept intel": "10年级之后",
          "school board": "不可以"
      },
      {
          "id": 3,
          "school name": "scotch college",
          "gender": "boy",
          "outgoing": "外内皆可",
          "domestic goal": "多元化，学术，高考状元",
          "school goal": "竞争，鼓励，呵护",
          "school size": "大",
          "bully": "是",
          "friend-making": "是",
          "talent": "体育，音乐，演讲，棋类",
          "chinese population": "中",
          "aeas": "70+",
          "accept intel": "都可以",
          "school board": "可以"
      },
      {
          "id": 4,
          "school name": "melbourne grammar",
          "gender": "boy",
          "outgoing": "外内皆可",
          "domestic goal": "多元化，学术，高考状元",
          "school goal": "鼓励，竞争",
          "school size": "中",
          "bully": "否",
          "friend-making": "否",
          "talent": "体育，音乐，演讲，棋类",
          "chinese population": "中",
          "aeas": "70+",
          "accept intel": "都可以",
          "school board": "可以"
      }
    ]
  }