{
  "schools": [
    {
      "id": "1",
      "schoolName": "brighton grammar",
      "schoolGender": "girl",
      "schoolCharacter": "in",
      "domesticGoal": [
        "academic",
        "multicultural"
      ],
      "schoolGoal": [
        "care",
        "encourage"
      ],
      "schoolScale": [
        "small"
      ],
      "schoolBully": [
        "2"
      ],
      "schoolTalent": [
        "pe",
        "music",
        "chess",
        "speech"
      ],
      "schoolChinese": [
        "lot"
      ],
      "schoolAeas": [
        "65"
      ],
      "schoolInternational": [
        "all"
      ],
      "schoolBoarding": [
        "both"
      ],
      "schoolFriend": [
        "no"
      ]
    },
    {
      "id": "2",
      "schoolName": "trinity grammar",
      "schoolGender": "boy",
      "schoolCharacter": "out",
      "domesticGoal": [
        "academic",
        "topscore"
      ],
      "schoolGoal": [
        "competitive",
        "encourage",
        "care"
      ],
      "schoolScale": [
        "large"
      ],
      "schoolBully": [
        "1"
      ],
      "schoolTalent": [
        "pe",
        "speech"
      ],
      "schoolChinese": [
        "lot"
      ],
      "schoolAeas": [
        "71"
      ],
      "schoolInternational": [
        "10"
      ],
      "schoolBoarding": [
        "boarding"
      ],
      "schoolFriend": [
        "no"
      ]
    },
    {
      "id": "3",
      "schoolName": "scotch college",
      "schoolGender": "girl",
      "schoolCharacter": "in",
      "domesticGoal": [
        "academic",
        "topscore"
      ],
      "schoolGoal": [
        "competitive",
        "encourage"
      ],
      "schoolScale": [
        "medium"
      ],
      "schoolBully": [
        "3"
      ],
      "schoolTalent": [
        "music",
        "chess",
        "speech"
      ],
      "schoolChinese": [
        "normal"
      ],
      "schoolAeas": [
        "70"
      ],
      "schoolInternational": [
        "9"
      ],
      "schoolBoarding": [
        "boarding",
        "both"
      ],
      "schoolFriend": [
        "yes"
      ]
    },
    {
      "id": "4",
      "schoolName": "melbourne grammar",
      "schoolGender": "co",
      "schoolCharacter": "out",
      "domesticGoal": [
        "academic",
        "topscore"
      ],
      "schoolGoal": [
        "competitive",
        "encourage"
      ],
      "schoolScale": [
        "medium"
      ],
      "schoolBully": [
        "2"
      ],
      "schoolTalent": [
        "pe"
      ],
      "schoolChinese": [
        "few"
      ],
      "schoolAeas": [
        "65"
      ],
      "schoolInternational": [
        "5"
      ],
      "schoolBoarding": [
        "non-boarding"
      ],
      "schoolFriend": [
        "yes"
      ]
    }

  ]
}