{
  "students": [
    {
      "name": "3333333",
      "gender": "ddf",
      "cookingTime": "10 minutes",
      "id": "1"
    },
    {
      "name": "张三",
      "gender": "三",
      "cookingTime": "3 minutes",
      "id": "hLv6JUk"
    },
    {
      "name": "joe",
      "gender": "male",
      "email": "male@email.com",
      "id": "LnWE78D"
    },
    {
      "name": "ddd",
      "gender": "dcd",
      "email": "dff@dfd.com",
      "id": "SodDPUF"
    },
    {
      "name": "ddd",
      "gender": "dcd",
      "email": "dff@dfd.com",
      "id": "ympT6PG"
    },
    {
      "name": "test",
      "gender": "5",
      "email": "sds@sdda.com",
      "id": "uPNOgou"
    },
    {
      "name": "1",
      "gender": "1",
      "email": "11@1.com",
      "schoolGender": "girl",
      "outgoing": "in",
      "id": "kCpd9I7"
    },
    {
      "name": "sdfsd",
      "gender": "sd",
      "email": "sdfs@dsfs.com",
      "schoolGender": "girl",
      "outgoing": "in",
      "id": "AaBK--s"
    },
    {
      "name": "dfd",
      "selectedOptions": [],
      "schoolGender": "",
      "outgoing": "out",
      "id": "4u1p6yK"
    },
    {
      "name": "dfd",
      "selectedOptions": [],
      "schoolGender": "",
      "outgoing": "out",
      "id": "riLXNYv"
    },
    {
      "name": "555",
      "DomesticGoal": [
        "academic",
        "topscore"
      ],
      "schoolGender": "",
      "outgoing": "",
      "id": "WBmTY04"
    },
    {
      "name": "666",
      "domesticGoal": [
        "academic",
        "topscore"
      ],
      "schoolGender": "girl",
      "outgoing": "in",
      "id": "Lfmrb_-"
    },
    {
      "name": "0000",
      "domesticGoal": [
        "topscore"
      ],
      "schoolGoal": [
        "competitive"
      ],
      "schoolGender": "girl",
      "outgoing": "in",
      "id": "0jU4iCT"
    },
    {
      "name": "0000",
      "domesticGoal": [
        "topscore"
      ],
      "schoolGoal": [
        "competitive"
      ],
      "schoolGender": "girl",
      "outgoing": "in",
      "id": "03p_4jd"
    },
    {
      "name": "0000",
      "domesticGoal": [
        "topscore"
      ],
      "schoolGoal": [
        "competitive"
      ],
      "schoolGender": "girl",
      "outgoing": "in",
      "id": "fqJbsJb"
    },
    {
      "name": "0000",
      "domesticGoal": [
        "topscore"
      ],
      "schoolGoal": [
        "competitive"
      ],
      "schoolGender": "girl",
      "outgoing": "in",
      "id": "odiXkUP"
    },
    {
      "name": "0000",
      "domesticGoal": [
        "topscore"
      ],
      "schoolGoal": [
        "competitive"
      ],
      "schoolGender": "girl",
      "outgoing": "in",
      "id": "FS6qPzA"
    },
    {
      "name": "0000",
      "domesticGoal": [
        "topscore"
      ],
      "schoolGoal": [
        "competitive"
      ],
      "schoolGender": "girl",
      "outgoing": "in",
      "id": "sj4hwXU"
    },
    {
      "name": "0000",
      "domesticGoal": [
        "topscore"
      ],
      "schoolGoal": [
        "competitive"
      ],
      "schoolGender": "girl",
      "outgoing": "in",
      "id": "Evix0tm"
    },
    {
      "name": "0000",
      "domesticGoal": [
        "topscore"
      ],
      "schoolGoal": [
        "competitive"
      ],
      "schoolGender": "girl",
      "outgoing": "in",
      "id": "2MZJjuF"
    },
    {
      "name": "0000",
      "domesticGoal": [
        "topscore"
      ],
      "schoolGoal": [
        "competitive"
      ],
      "schoolGender": "girl",
      "outgoing": "in",
      "id": "i6VLY75"
    },
    {
      "name": "0000",
      "domesticGoal": [
        "topscore"
      ],
      "schoolGoal": [
        "competitive"
      ],
      "schoolGender": "girl",
      "outgoing": "in",
      "id": "ton1Byn"
    },
    {
      "name": "0000",
      "domesticGoal": [
        "topscore"
      ],
      "schoolGoal": [
        "competitive"
      ],
      "schoolGender": "girl",
      "outgoing": "in",
      "id": "MlYsqgm"
    },
    {
      "name": "0000",
      "domesticGoal": [
        "topscore"
      ],
      "schoolGoal": [
        "competitive"
      ],
      "schoolGender": "girl",
      "outgoing": "in",
      "id": "_rn0QYK"
    },
    {
      "name": "0000",
      "domesticGoal": [
        "topscore"
      ],
      "schoolGoal": [
        "competitive"
      ],
      "schoolGender": "girl",
      "outgoing": "in",
      "id": "PiKnhoR"
    },
    {
      "name": "bbbbb",
      "domesticGoal": [
        "academic"
      ],
      "schoolGoal": [
        "care"
      ],
      "schoolGender": [
        "boy"
      ],
      "outgoing": "in",
      "schoolScale": [
        "medium"
      ],
      "schoolTalent": [
        "music"
      ],
      "schoolChinese": [
        "few"
      ],
      "schoolFriend": [
        "yes"
      ],
      "schoolBoarding": [
        "both",
        "non-boarding"
      ],
      "schoolInternational": [
        "all"
      ],
      "schoolAeas": [
        "65"
      ],
      "id": "IYhZk5C"
    },
    {
      "name": "bbbbb",
      "domesticGoal": [
        "academic"
      ],
      "schoolGoal": [
        "care"
      ],
      "schoolGender": [
        "boy"
      ],
      "outgoing": "in",
      "schoolScale": [
        "medium"
      ],
      "schoolTalent": [
        "music"
      ],
      "schoolChinese": [
        "few"
      ],
      "schoolFriend": [
        "yes"
      ],
      "schoolBoarding": [
        "both",
        "non-boarding"
      ],
      "schoolInternational": [
        "all"
      ],
      "schoolAeas": [
        "65"
      ],
      "id": "bOy57e7"
    },
    {
      "name": "bbbbb",
      "domesticGoal": [
        "academic"
      ],
      "schoolGoal": [
        "care"
      ],
      "schoolGender": [
        "boy"
      ],
      "outgoing": "in",
      "schoolScale": [
        "medium"
      ],
      "schoolTalent": [
        "music"
      ],
      "schoolChinese": [
        "few"
      ],
      "schoolFriend": [
        "yes"
      ],
      "schoolBoarding": [
        "both",
        "non-boarding"
      ],
      "schoolInternational": [
        "all"
      ],
      "schoolAeas": [
        "65"
      ],
      "id": "gUQaLkk"
    },
    {
      "name": "bbbbb",
      "domesticGoal": [
        "academic"
      ],
      "schoolGoal": [
        "care"
      ],
      "schoolGender": [
        "boy"
      ],
      "outgoing": "in",
      "schoolScale": [
        "medium"
      ],
      "schoolTalent": [
        "music"
      ],
      "schoolChinese": [
        "few"
      ],
      "schoolFriend": [
        "yes"
      ],
      "schoolBoarding": [
        "both",
        "non-boarding"
      ],
      "schoolInternational": [
        "all"
      ],
      "schoolAeas": [
        "65"
      ],
      "id": "Y27bIj6"
    },
    {
      "name": "bbbbb",
      "domesticGoal": [
        "academic"
      ],
      "schoolGoal": [
        "care"
      ],
      "schoolGender": [
        "boy"
      ],
      "outgoing": "in",
      "schoolScale": [
        "medium"
      ],
      "schoolTalent": [
        "music"
      ],
      "schoolChinese": [
        "few"
      ],
      "schoolFriend": [
        "yes"
      ],
      "schoolBoarding": [
        "both",
        "non-boarding"
      ],
      "schoolInternational": [
        "all"
      ],
      "schoolAeas": [
        "65"
      ],
      "id": "EldwWe_"
    },
    {
      "name": "bbbbb",
      "domesticGoal": [
        "academic"
      ],
      "schoolGoal": [
        "care"
      ],
      "schoolGender": [
        "boy"
      ],
      "outgoing": "in",
      "schoolScale": [
        "medium"
      ],
      "schoolTalent": [
        "music"
      ],
      "schoolChinese": [
        "few"
      ],
      "schoolFriend": [
        "yes"
      ],
      "schoolBoarding": [
        "both",
        "non-boarding"
      ],
      "schoolInternational": [
        "all"
      ],
      "schoolAeas": [
        "65"
      ],
      "id": "fgwy6dY"
    },
    {
      "name": "bbbbb",
      "domesticGoal": [
        "academic"
      ],
      "schoolGoal": [
        "care"
      ],
      "schoolGender": [
        "boy"
      ],
      "outgoing": "in",
      "schoolScale": [
        "medium"
      ],
      "schoolTalent": [
        "music"
      ],
      "schoolChinese": [
        "few"
      ],
      "schoolFriend": [
        "yes"
      ],
      "schoolBoarding": [
        "both",
        "non-boarding"
      ],
      "schoolInternational": [
        "all"
      ],
      "schoolAeas": [
        "65"
      ],
      "id": "cihbFXf"
    },
    {
      "name": "fff@sdf.com",
      "domesticGoal": [],
      "schoolGoal": [],
      "schoolGender": [],
      "schoolScale": [],
      "schoolTalent": [],
      "schoolChinese": [],
      "schoolFriend": [],
      "schoolBoarding": [],
      "schoolInternational": [],
      "schoolAeas": [],
      "schoolCharacter": [],
      "id": "lPKQ4NG"
    },
    {
      "name": "dsdds@sdf.com",
      "domesticGoal": [],
      "schoolGoal": [],
      "schoolGender": [],
      "schoolScale": [],
      "schoolTalent": [],
      "schoolChinese": [],
      "schoolFriend": [],
      "schoolBoarding": [],
      "schoolInternational": [],
      "schoolAeas": [],
      "schoolCharacter": [],
      "id": "DgMkIcw"
    },
    {
      "name": "111111111",
      "domesticGoal": [],
      "schoolGoal": [],
      "schoolGender": [],
      "schoolScale": [],
      "schoolTalent": [],
      "schoolChinese": [],
      "schoolFriend": [],
      "schoolBoarding": [],
      "schoolInternational": [],
      "schoolAeas": [],
      "schoolCharacter": [],
      "id": "n3G0Uv-"
    },
    {
      "name": "pop",
      "domesticGoal": [],
      "schoolGoal": [],
      "schoolGender": [],
      "schoolScale": [],
      "schoolTalent": [],
      "schoolChinese": [],
      "schoolFriend": [],
      "schoolBoarding": [],
      "schoolInternational": [],
      "schoolAeas": [],
      "schoolCharacter": [],
      "id": "s0SNOxu"
    },
    {
      "name": "pop",
      "domesticGoal": [],
      "schoolGoal": [],
      "schoolGender": [],
      "schoolScale": [],
      "schoolTalent": [],
      "schoolChinese": [],
      "schoolFriend": [],
      "schoolBoarding": [],
      "schoolInternational": [],
      "schoolAeas": [],
      "schoolCharacter": [],
      "id": "pt59MlA"
    },
    {
      "name": "88",
      "domesticGoal": [],
      "schoolGoal": [],
      "schoolGender": [],
      "schoolScale": [],
      "schoolTalent": [],
      "schoolChinese": [],
      "schoolFriend": [],
      "schoolBoarding": [],
      "schoolInternational": [],
      "schoolAeas": [],
      "schoolCharacter": [],
      "id": "Ub1Vstl"
    },
    {
      "name": "88",
      "domesticGoal": [],
      "schoolGoal": [],
      "schoolGender": [],
      "schoolScale": [],
      "schoolTalent": [],
      "schoolChinese": [],
      "schoolFriend": [],
      "schoolBoarding": [],
      "schoolInternational": [],
      "schoolAeas": [],
      "schoolCharacter": [],
      "id": "p4k2ZuB"
    },
    {
      "name": "88",
      "domesticGoal": [],
      "schoolGoal": [],
      "schoolGender": [],
      "schoolScale": [],
      "schoolTalent": [],
      "schoolChinese": [],
      "schoolFriend": [],
      "schoolBoarding": [],
      "schoolInternational": [],
      "schoolAeas": [],
      "schoolCharacter": [],
      "id": "EzVqUL_"
    },
    {
      "name": "88",
      "domesticGoal": [],
      "schoolGoal": [],
      "schoolGender": [],
      "schoolScale": [],
      "schoolTalent": [],
      "schoolChinese": [],
      "schoolFriend": [],
      "schoolBoarding": [],
      "schoolInternational": [],
      "schoolAeas": [],
      "schoolCharacter": [],
      "id": "AaRmtt9"
    },
    {
      "name": "88",
      "domesticGoal": [],
      "schoolGoal": [],
      "schoolGender": [],
      "schoolScale": [],
      "schoolTalent": [],
      "schoolChinese": [],
      "schoolFriend": [],
      "schoolBoarding": [],
      "schoolInternational": [],
      "schoolAeas": [],
      "schoolCharacter": [],
      "id": "ZYmuUwq"
    },
    {
      "name": "88",
      "domesticGoal": [],
      "schoolGoal": [],
      "schoolGender": [],
      "schoolScale": [],
      "schoolTalent": [],
      "schoolChinese": [],
      "schoolFriend": [],
      "schoolBoarding": [],
      "schoolInternational": [],
      "schoolAeas": [],
      "schoolCharacter": [],
      "id": "vrwm7e1"
    },
    {
      "name": "ff",
      "domesticGoal": [],
      "schoolGoal": [],
      "schoolGender": [],
      "schoolScale": [],
      "schoolTalent": [],
      "schoolChinese": [],
      "schoolFriend": [],
      "schoolBoarding": [],
      "schoolInternational": [],
      "schoolAeas": [],
      "schoolCharacter": [],
      "id": "By0lVGi"
    },
    {
      "name": "ff",
      "domesticGoal": [],
      "schoolGoal": [],
      "schoolGender": [],
      "schoolScale": [],
      "schoolTalent": [],
      "schoolChinese": [],
      "schoolFriend": [],
      "schoolBoarding": [],
      "schoolInternational": [],
      "schoolAeas": [],
      "schoolCharacter": [],
      "id": "InlM3aM"
    },
    {
      "name": "3",
      "domesticGoal": [],
      "schoolGoal": [],
      "schoolGender": [],
      "schoolScale": [],
      "schoolTalent": [],
      "schoolChinese": [],
      "schoolFriend": [],
      "schoolBoarding": [],
      "schoolInternational": [],
      "schoolAeas": [],
      "schoolCharacter": [],
      "id": "kul1oGG"
    },
    {
      "name": "3",
      "domesticGoal": [],
      "schoolGoal": [],
      "schoolGender": [],
      "schoolScale": [],
      "schoolTalent": [],
      "schoolChinese": [],
      "schoolFriend": [],
      "schoolBoarding": [],
      "schoolInternational": [],
      "schoolAeas": [],
      "schoolCharacter": [],
      "id": "pXgcEIS"
    },
    {
      "name": "3",
      "domesticGoal": [],
      "schoolGoal": [],
      "schoolGender": [],
      "schoolScale": [],
      "schoolTalent": [],
      "schoolChinese": [],
      "schoolFriend": [],
      "schoolBoarding": [],
      "schoolInternational": [],
      "schoolAeas": [],
      "schoolCharacter": [],
      "id": "IqIH-RG"
    },
    {
      "name": "james",
      "domesticGoal": [],
      "schoolGoal": [],
      "gender": "sss",
      "email": "sss@cc.com",
      "schoolGender": [],
      "schoolScale": [],
      "schoolCharacter": [],
      "schoolBully": [
        "2"
      ],
      "schoolTalent": [
        "music",
        "pe"
      ],
      "schoolChinese": [
        "few"
      ],
      "schoolAeas": [
        "70"
      ],
      "schoolInternational": [
        "5"
      ],
      "schoolBoarding": [
        "boarding"
      ],
      "schoolFriend": [
        "yes"
      ],
      "id": "ffvzWK5"
    },
    {
      "name": "22",
      "domesticGoal": [],
      "schoolGoal": [
        "competitive"
      ],
      "schoolGender": [],
      "schoolScale": [],
      "schoolTalent": [],
      "schoolChinese": [],
      "schoolFriend": [
        "yes"
      ],
      "schoolBoarding": [],
      "schoolInternational": [],
      "schoolAeas": [],
      "schoolCharacter": [],
      "id": "jvn9qvS"
    },
    {
      "name": "cccccc",
      "domesticGoal": [],
      "schoolGoal": [],
      "schoolGender": [],
      "schoolScale": [],
      "schoolTalent": [],
      "schoolChinese": [],
      "schoolFriend": [],
      "schoolBoarding": [],
      "schoolInternational": [],
      "schoolAeas": [],
      "schoolCharacter": [],
      "id": "KpHSKWN"
    },
    {
      "name": "cccccc",
      "domesticGoal": [],
      "schoolGoal": [],
      "schoolGender": [],
      "schoolScale": [],
      "schoolTalent": [],
      "schoolChinese": [],
      "schoolFriend": [],
      "schoolBoarding": [],
      "schoolInternational": [],
      "schoolAeas": [],
      "schoolCharacter": [],
      "id": "lFt8Pc7"
    },
    {
      "name": "cccccc",
      "domesticGoal": [],
      "schoolGoal": [],
      "schoolGender": [],
      "schoolScale": [],
      "schoolTalent": [],
      "schoolChinese": [],
      "schoolFriend": [],
      "schoolBoarding": [],
      "schoolInternational": [],
      "schoolAeas": [],
      "schoolCharacter": [],
      "id": "lxkxaHq"
    },
    {
      "name": "bbbbbbb",
      "domesticGoal": [],
      "schoolGoal": [],
      "schoolGender": [],
      "schoolScale": [],
      "schoolTalent": [],
      "schoolChinese": [],
      "schoolFriend": [],
      "schoolBoarding": [],
      "schoolInternational": [],
      "schoolAeas": [],
      "schoolCharacter": [],
      "id": "M8U8ca1"
    },
    {
      "name": "bbbbbbb",
      "domesticGoal": [],
      "schoolGoal": [],
      "schoolGender": [],
      "schoolScale": [],
      "schoolTalent": [],
      "schoolChinese": [],
      "schoolFriend": [],
      "schoolBoarding": [],
      "schoolInternational": [],
      "schoolAeas": [],
      "schoolCharacter": [],
      "id": "t531lhb"
    },
    {
      "name": "bbbbbbb",
      "domesticGoal": [],
      "schoolGoal": [],
      "schoolGender": [],
      "schoolScale": [],
      "schoolTalent": [],
      "schoolChinese": [],
      "schoolFriend": [],
      "schoolBoarding": [],
      "schoolInternational": [],
      "schoolAeas": [],
      "schoolCharacter": [],
      "id": "YLwBnLU"
    },
    {
      "name": "bbbbbbb",
      "domesticGoal": [],
      "schoolGoal": [],
      "schoolGender": [],
      "schoolScale": [],
      "schoolTalent": [],
      "schoolChinese": [],
      "schoolFriend": [],
      "schoolBoarding": [],
      "schoolInternational": [],
      "schoolAeas": [],
      "schoolCharacter": [],
      "id": "XCl35fv"
    },
    {
      "name": "bbbbbbb",
      "domesticGoal": [],
      "schoolGoal": [],
      "schoolGender": [],
      "schoolScale": [],
      "schoolTalent": [],
      "schoolChinese": [],
      "schoolFriend": [],
      "schoolBoarding": [],
      "schoolInternational": [],
      "schoolAeas": [],
      "schoolCharacter": [],
      "id": "Ivpe311"
    },
    {
      "name": "bbbbbbb",
      "domesticGoal": [],
      "schoolGoal": [],
      "schoolGender": [],
      "schoolScale": [],
      "schoolTalent": [],
      "schoolChinese": [],
      "schoolFriend": [],
      "schoolBoarding": [],
      "schoolInternational": [],
      "schoolAeas": [],
      "schoolCharacter": [],
      "id": "7FN_vIx"
    },
    {
      "name": "bbbbbbb",
      "domesticGoal": [],
      "schoolGoal": [],
      "schoolGender": [],
      "schoolScale": [],
      "schoolTalent": [],
      "schoolChinese": [],
      "schoolFriend": [],
      "schoolBoarding": [],
      "schoolInternational": [],
      "schoolAeas": [],
      "schoolCharacter": [],
      "id": "t2A3qsI"
    },
    {
      "name": "bbbbbbb",
      "domesticGoal": [],
      "schoolGoal": [],
      "schoolGender": [],
      "schoolScale": [],
      "schoolTalent": [],
      "schoolChinese": [],
      "schoolFriend": [],
      "schoolBoarding": [],
      "schoolInternational": [],
      "schoolAeas": [],
      "schoolCharacter": [],
      "id": "GwPZ81h"
    },
    {
      "name": "bbbbbbb",
      "domesticGoal": [],
      "schoolGoal": [],
      "schoolGender": [],
      "schoolScale": [],
      "schoolTalent": [],
      "schoolChinese": [],
      "schoolFriend": [],
      "schoolBoarding": [],
      "schoolInternational": [],
      "schoolAeas": [],
      "schoolCharacter": [],
      "id": "K_V4Rmd"
    },
    {
      "name": "bbbbbbb",
      "domesticGoal": [],
      "schoolGoal": [],
      "schoolGender": [],
      "schoolScale": [],
      "schoolTalent": [],
      "schoolChinese": [],
      "schoolFriend": [],
      "schoolBoarding": [],
      "schoolInternational": [],
      "schoolAeas": [],
      "schoolCharacter": [],
      "id": "9fTTMHI"
    },
    {
      "name": "bbbbbbb",
      "domesticGoal": [],
      "schoolGoal": [],
      "schoolGender": [],
      "schoolScale": [],
      "schoolTalent": [],
      "schoolChinese": [],
      "schoolFriend": [],
      "schoolBoarding": [],
      "schoolInternational": [],
      "schoolAeas": [],
      "schoolCharacter": [],
      "id": "eSv0vZZ"
    },
    {
      "name": "bbbbbbb",
      "domesticGoal": [],
      "schoolGoal": [],
      "schoolGender": [],
      "schoolScale": [],
      "schoolTalent": [],
      "schoolChinese": [],
      "schoolFriend": [],
      "schoolBoarding": [],
      "schoolInternational": [],
      "schoolAeas": [],
      "schoolCharacter": [],
      "id": "IozCskX"
    },
    {
      "name": "bbbbbbb",
      "domesticGoal": [],
      "schoolGoal": [],
      "schoolGender": [],
      "schoolScale": [],
      "schoolTalent": [],
      "schoolChinese": [],
      "schoolFriend": [],
      "schoolBoarding": [],
      "schoolInternational": [],
      "schoolAeas": [],
      "schoolCharacter": [],
      "id": "UhamXOR"
    },
    {
      "name": "bbbbbbb",
      "domesticGoal": [],
      "schoolGoal": [],
      "schoolGender": [],
      "schoolScale": [],
      "schoolTalent": [],
      "schoolChinese": [],
      "schoolFriend": [],
      "schoolBoarding": [],
      "schoolInternational": [],
      "schoolAeas": [],
      "schoolCharacter": [],
      "id": "OH88uHG"
    },
    {
      "name": "bbbbbbb",
      "domesticGoal": [],
      "schoolGoal": [],
      "schoolGender": [],
      "schoolScale": [],
      "schoolTalent": [],
      "schoolChinese": [],
      "schoolFriend": [],
      "schoolBoarding": [],
      "schoolInternational": [],
      "schoolAeas": [],
      "schoolCharacter": [],
      "id": "tTaOUpw"
    },
    {
      "name": "bbbbbbb",
      "domesticGoal": [],
      "schoolGoal": [],
      "schoolGender": [],
      "schoolScale": [],
      "schoolTalent": [],
      "schoolChinese": [],
      "schoolFriend": [],
      "schoolBoarding": [],
      "schoolInternational": [],
      "schoolAeas": [],
      "schoolCharacter": [],
      "id": "AA_XgBh"
    },
    {
      "name": "1111111111111",
      "domesticGoal": [],
      "schoolGoal": [],
      "schoolGender": [],
      "schoolScale": [],
      "schoolTalent": [
        "music"
      ],
      "schoolChinese": [
        "normal"
      ],
      "schoolFriend": [],
      "schoolBoarding": [],
      "schoolInternational": [
        "5"
      ],
      "schoolAeas": [
        "70"
      ],
      "schoolCharacter": [],
      "id": "iapJg77"
    },
    {
      "name": "1111111111111",
      "domesticGoal": [],
      "schoolGoal": [],
      "schoolGender": [],
      "schoolScale": [],
      "schoolTalent": [
        "music"
      ],
      "schoolChinese": [
        "normal"
      ],
      "schoolFriend": [],
      "schoolBoarding": [],
      "schoolInternational": [
        "5"
      ],
      "schoolAeas": [
        "70"
      ],
      "schoolCharacter": [],
      "id": "RjHx3kq"
    },
    {
      "name": "1111111111111",
      "domesticGoal": [],
      "schoolGoal": [],
      "schoolGender": [],
      "schoolScale": [],
      "schoolTalent": [
        "music"
      ],
      "schoolChinese": [
        "normal"
      ],
      "schoolFriend": [],
      "schoolBoarding": [],
      "schoolInternational": [
        "5"
      ],
      "schoolAeas": [
        "70"
      ],
      "schoolCharacter": [],
      "id": "057yMb4"
    },
    {
      "name": "1111111111111",
      "domesticGoal": [],
      "schoolGoal": [],
      "schoolGender": [],
      "schoolScale": [],
      "schoolTalent": [
        "music"
      ],
      "schoolChinese": [
        "normal"
      ],
      "schoolFriend": [],
      "schoolBoarding": [],
      "schoolInternational": [
        "5"
      ],
      "schoolAeas": [
        "70"
      ],
      "schoolCharacter": [],
      "id": "lPSgetN"
    },
    {
      "name": "1111111111111",
      "domesticGoal": [],
      "schoolGoal": [],
      "schoolGender": [],
      "schoolScale": [],
      "schoolTalent": [
        "music"
      ],
      "schoolChinese": [
        "normal"
      ],
      "schoolFriend": [],
      "schoolBoarding": [],
      "schoolInternational": [
        "5"
      ],
      "schoolAeas": [
        "70"
      ],
      "schoolCharacter": [],
      "id": "zleWVEr"
    },
    {
      "name": "1111111111111",
      "domesticGoal": [],
      "schoolGoal": [],
      "schoolGender": [],
      "schoolScale": [],
      "schoolTalent": [
        "music"
      ],
      "schoolChinese": [
        "normal"
      ],
      "schoolFriend": [],
      "schoolBoarding": [],
      "schoolInternational": [
        "5"
      ],
      "schoolAeas": [
        "70"
      ],
      "schoolCharacter": [],
      "id": "O7ma0Qn"
    },
    {
      "name": "eeeeeeee",
      "domesticGoal": [],
      "schoolGoal": [],
      "schoolGender": [],
      "schoolScale": [],
      "schoolTalent": [],
      "schoolChinese": [],
      "schoolFriend": [],
      "schoolBoarding": [],
      "schoolInternational": [],
      "schoolAeas": [],
      "schoolCharacter": [],
      "id": "AnffdFb"
    },
    {
      "name": "ffff",
      "domesticGoal": [],
      "schoolGoal": [],
      "schoolGender": [],
      "schoolScale": [],
      "schoolTalent": [],
      "schoolChinese": [],
      "schoolFriend": [],
      "schoolBoarding": [],
      "schoolInternational": [],
      "schoolAeas": [],
      "schoolCharacter": [],
      "id": "GKZxyuO"
    },
    {
      "name": "james34",
      "domesticGoal": [],
      "schoolGoal": [],
      "schoolGender": [],
      "schoolScale": [],
      "schoolTalent": [],
      "schoolChinese": [
        "few"
      ],
      "schoolFriend": [],
      "schoolBoarding": [],
      "schoolInternational": [],
      "schoolAeas": [],
      "schoolCharacter": [],
      "id": "Pp78k1O"
    },
    {
      "name": "x23",
      "domesticGoal": [],
      "schoolGoal": [],
      "schoolGender": [
        "girl"
      ],
      "schoolScale": [],
      "schoolTalent": [],
      "schoolChinese": [],
      "schoolFriend": [],
      "schoolBoarding": [],
      "schoolInternational": [],
      "schoolAeas": [],
      "schoolCharacter": [],
      "id": "xJguM2Z"
    },
    {
      "name": "dddd",
      "domesticGoal": [],
      "schoolGoal": [],
      "schoolGender": [],
      "schoolScale": [],
      "schoolTalent": [],
      "schoolChinese": [],
      "schoolFriend": [],
      "schoolBoarding": [],
      "schoolInternational": [],
      "schoolAeas": [],
      "schoolCharacter": [
        "out"
      ],
      "id": "VKEQHbH"
    },
    {
      "name": "cc",
      "domesticGoal": [],
      "schoolGoal": [],
      "schoolGender": [],
      "schoolScale": [],
      "schoolTalent": [],
      "schoolChinese": [],
      "schoolFriend": [],
      "schoolBoarding": [],
      "schoolInternational": [],
      "schoolAeas": [],
      "schoolCharacter": [],
      "id": "jriYzg6"
    },
    {
      "name": "55",
      "domesticGoal": [],
      "schoolGoal": [],
      "schoolGender": [],
      "schoolScale": [],
      "schoolTalent": [],
      "schoolChinese": [],
      "schoolFriend": [],
      "schoolBoarding": [],
      "schoolInternational": [],
      "schoolAeas": [],
      "schoolCharacter": [],
      "id": "eqPC6g2"
    },
    {
      "name": "66",
      "domesticGoal": [],
      "schoolGoal": [],
      "schoolGender": [],
      "schoolScale": [],
      "schoolTalent": [],
      "schoolChinese": [],
      "schoolFriend": [],
      "schoolBoarding": [],
      "schoolInternational": [],
      "schoolAeas": [],
      "schoolCharacter": [],
      "id": "tysZLnf"
    },
    {
      "name": "bnbnbbbbbbb",
      "age": "2023-03-15",
      "gender": "",
      "email": "",
      "domesticGoal": [],
      "schoolGoal": [],
      "schoolGender": [
        "boy"
      ],
      "schoolScale": [],
      "schoolTalent": [],
      "schoolChinese": [],
      "schoolFriend": [],
      "schoolBoarding": [],
      "schoolInternational": [],
      "schoolAeas": [],
      "schoolCharacter": [],
      "id": "nR55BP2"
    },
    {
      "name": "bbbbbbbbbb",
      "age": "2023-03-15",
      "gender": "",
      "email": "",
      "domesticGoal": [],
      "schoolGoal": [],
      "schoolGender": [],
      "schoolScale": [],
      "schoolTalent": [],
      "schoolChinese": [],
      "schoolFriend": [],
      "schoolBoarding": [],
      "schoolInternational": [],
      "schoolAeas": [],
      "schoolCharacter": [],
      "id": "J4ci1MN"
    },
    {
      "name": "cc",
      "age": "2023-03-17",
      "gender": "",
      "email": "",
      "domesticGoal": [],
      "schoolGoal": [],
      "schoolGender": [
        "girl"
      ],
      "schoolScale": [],
      "schoolTalent": [],
      "schoolChinese": [],
      "schoolFriend": [],
      "schoolBoarding": [],
      "schoolInternational": [],
      "schoolAeas": [],
      "schoolCharacter": [],
      "id": "xzLJp1k"
    },
    {
      "name": "vv",
      "age": "2023-03-16",
      "gender": "",
      "email": "",
      "domesticGoal": [],
      "schoolGoal": [],
      "schoolGender": [],
      "schoolScale": [],
      "schoolTalent": [],
      "schoolChinese": [],
      "schoolFriend": [
        "yes"
      ],
      "schoolBoarding": [],
      "schoolInternational": [],
      "schoolAeas": [],
      "schoolCharacter": [],
      "id": "HzQlruh"
    },
    {
      "name": "kk",
      "age": "2023-03-16",
      "gender": "",
      "email": "",
      "domesticGoal": [],
      "schoolGoal": [],
      "schoolGender": [
        "girl"
      ],
      "schoolScale": [],
      "schoolTalent": [],
      "schoolChinese": [],
      "schoolFriend": [],
      "schoolBoarding": [],
      "schoolInternational": [],
      "schoolAeas": [],
      "schoolCharacter": [],
      "id": "rzfeLo2"
    },
    {
      "name": "x23",
      "age": "2023-03-28",
      "gender": "d",
      "email": "",
      "domesticGoal": [],
      "schoolGoal": [],
      "schoolGender": [],
      "schoolScale": [],
      "schoolTalent": [],
      "schoolChinese": [],
      "schoolFriend": [],
      "schoolBoarding": [],
      "schoolInternational": [
        "5"
      ],
      "schoolAeas": [],
      "schoolCharacter": [],
      "id": "mwC4Ytj"
    },
    {
      "name": "online now",
      "age": "2023-04-07",
      "gender": "男",
      "email": "",
      "domesticGoal": [],
      "schoolGoal": [],
      "schoolGender": [
        "girl"
      ],
      "schoolScale": [],
      "schoolTalent": [],
      "schoolChinese": [],
      "schoolFriend": [],
      "schoolBoarding": [],
      "schoolInternational": [],
      "schoolAeas": [],
      "schoolCharacter": [],
      "id": "LduyV_k"
    }
  ]
}